nickname,datetime
쿠키,2025-05-05 10:08
빙봉,2025-05-05 10:07
빙티,2025-05-05 10:07
이든,2025-05-05 10:07
빙봉,2025-05-04 11:11
이든,2025-05-04 10:06
짱수,2025-05-04 10:00
빙봉,2025-05-03 10:02
쿠키,2025-05-03 10:02
빙티,2025-05-02 10:08
빙봉,2025-05-02 10:06
이든,2025-05-02 10:02
쿠키,2025-05-02 10:01
짱수,2025-05-02 10:00
쿠키,2025-05-01 13:03
빙봉,2025-05-01 13:02
이든,2025-05-01 13:01
짱수,2025-05-01 13:00
빙봉,2025-04-30 10:08
이든,2025-04-30 10:07
빙티,2025-04-30 10:01
짱수,2025-04-30 10:00
쿠키,2025-04-29 10:07
빙봉,2025-04-29 10:06
빙티,2025-04-29 10:06
짱수,2025-04-29 10:00
이든,2025-04-28 10:08
빙봉,2025-04-28 10:07
빙티,2025-04-28 10:02
쿠키,2025-04-28 10:02
짱수,2025-04-28 10:00
빙티,2025-04-27 10:07
이든,2025-04-27 10:06
쿠키,2025-04-27 10:06
빙봉,2025-04-27 10:03
짱수,2025-04-27 10:00
빙봉,2025-04-26 13:06
이든,2025-04-26 13:02
쿠키,2025-04-26 13:01
빙티,2025-04-26 13:00
짱수,2025-04-26 13:00
